"Date","T_treatment","Tair"
2012-12-15,"ambient",21.1249047067901
2012-12-15,"elevated",23.7499066358025
2012-12-16,"ambient",22.063518904321
2012-12-16,"elevated",25.0680740740741
2012-12-17,"ambient",23.6748994434922
2012-12-17,"elevated",26.6830468074321
2012-12-18,"ambient",22.8254673447268
2012-12-18,"elevated",25.8835988907654
2012-12-19,"ambient",22.5939168046033
2012-12-19,"elevated",25.6512732734814
2012-12-20,"ambient",21.8300582561728
2012-12-20,"elevated",24.8798070987654
2012-12-21,"ambient",23.9179537037037
2012-12-21,"elevated",26.9178599537037
2012-12-22,"ambient",23.5127087191358
2012-12-22,"elevated",26.5116246141975
2012-12-23,"ambient",23.0462858796296
2012-12-23,"elevated",26.0470077160494
2012-12-24,"ambient",23.0492808641975
2012-12-24,"elevated",26.048049382716
2012-12-25,"ambient",24.591681712963
2012-12-25,"elevated",27.589650462963
2012-12-26,"ambient",23.1816824845679
2012-12-26,"elevated",26.1787264660494
2012-12-27,"ambient",20.4811292438272
2012-12-27,"elevated",23.482199845679
2012-12-28,"ambient",18.1949390432099
2012-12-28,"elevated",21.198568287037
2012-12-29,"ambient",19.1068024691358
2012-12-29,"elevated",22.1105100308642
2012-12-30,"ambient",20.4440902777778
2012-12-30,"elevated",23.4440239197531
2012-12-31,"ambient",21.035194058642
2012-12-31,"elevated",24.0351878858025
2013-01-01,"ambient",22.6772388117284
2013-01-01,"elevated",25.6776280864198
2013-01-02,"ambient",24.3920308641975
2013-01-02,"elevated",27.3883665123457
2013-01-03,"ambient",24.3722573302469
2013-01-03,"elevated",27.3699000771605
2013-01-04,"ambient",22.8441774691358
2013-01-04,"elevated",25.8429016203704
2013-01-05,"ambient",21.7187214506173
2013-01-05,"elevated",24.7216222993827
2013-01-06,"ambient",23.4049255401235
2013-01-06,"elevated",26.4071585648148
2013-01-07,"ambient",24.6612013888889
2013-01-07,"elevated",27.6615023148148
2013-01-08,"ambient",25.3972932098765
2013-01-08,"elevated",28.3980887345679
2013-01-09,"ambient",27.1392716049383
2013-01-09,"elevated",29.8995455246914
2013-01-10,"ambient",26.8605158179012
2013-01-10,"elevated",29.6187874228395
2013-01-11,"ambient",25.5355192901235
2013-01-11,"elevated",28.2927469135802
2013-01-12,"ambient",24.2674915123457
2013-01-12,"elevated",27.2651593364198
2013-01-13,"ambient",24.4680733024691
2013-01-13,"elevated",27.4679918981481
2013-01-14,"ambient",24.1302191358025
2013-01-14,"elevated",27.1265
2013-01-15,"ambient",21.4954683641975
2013-01-15,"elevated",24.4949147376543
2013-01-16,"ambient",20.1684332561728
2013-01-16,"elevated",23.1677476851852
2013-01-17,"ambient",21.084455632716
2013-01-17,"elevated",24.0884872685185
2013-01-18,"ambient",23.4222511574074
2013-01-18,"elevated",26.4222372685185
2013-01-19,"ambient",26.5245424382716
2013-01-19,"elevated",29.2480447530864
2013-01-20,"ambient",25.773631558642
2013-01-20,"elevated",28.4926527777778
2013-01-21,"ambient",23.8596655092593
2013-01-21,"elevated",26.57990625
2013-01-22,"ambient",21.5756678240741
2013-01-22,"elevated",24.5743391203704
2013-01-23,"ambient",22.3019355709877
2013-01-23,"elevated",25.3054903549383
2013-01-24,"ambient",23.1080536265432
2013-01-24,"elevated",26.1104861111111
2013-01-25,"ambient",23.5092087191358
2013-01-25,"elevated",26.509768904321
2013-01-26,"ambient",24.4187025462963
2013-01-26,"elevated",27.4187179783951
2013-01-27,"ambient",25.731818287037
2013-01-27,"elevated",28.7316593364197
2013-01-28,"ambient",24.854180941358
2013-01-28,"elevated",27.8534394290123
2013-01-29,"ambient",23.2174054783951
2013-01-29,"elevated",26.2155192901235
2013-01-30,"ambient",22.1170601851852
2013-01-30,"elevated",25.1170968364198
2013-01-31,"ambient",22.5309162808642
2013-01-31,"elevated",25.531768132716
2013-02-01,"ambient",24.1660030864198
2013-02-01,"elevated",27.1673020833333
2013-02-02,"ambient",23.0708866663312
2013-02-02,"elevated",26.0604563372249
2013-02-03,"ambient",20.7752142126275
2013-02-03,"elevated",23.7672846551261
2013-02-04,"ambient",18.4341083131192
2013-02-04,"elevated",21.4266001499995
2013-02-05,"ambient",18.723347418393
2013-02-05,"elevated",21.7253953559845
2013-02-06,"ambient",20.3850410912325
2013-02-06,"elevated",23.3850755257376
2013-02-07,"ambient",21.4480266203704
2013-02-07,"elevated",24.4475563271605
2013-02-08,"ambient",22.0255895061728
2013-02-08,"elevated",25.0256354166667
2013-02-09,"ambient",23.0133537808642
2013-02-09,"elevated",26.0131419753086
2013-02-10,"ambient",23.7622962962963
2013-02-10,"elevated",26.7617951388889
2013-02-11,"ambient",23.9964351851852
2013-02-11,"elevated",26.9949845679012
2013-02-12,"ambient",22.7137218364198
2013-02-12,"elevated",25.7124625771605
2013-02-13,"ambient",21.0698946759259
2013-02-13,"elevated",24.0704888117284
2013-02-14,"ambient",20.229705632716
2013-02-14,"elevated",23.2301820987654
2013-02-15,"ambient",20.4466925154321
2013-02-15,"elevated",23.4474363425926
2013-02-16,"ambient",20.6558140432099
2013-02-16,"elevated",23.654013117284
2013-02-17,"ambient",20.2094845679012
2013-02-17,"elevated",23.2082851080247
2013-02-18,"ambient",20.1916168981482
2013-02-18,"elevated",23.1919957561728
2013-02-19,"ambient",19.8705374228395
2013-02-19,"elevated",22.8708993055556
2013-02-20,"ambient",20.7349768518519
2013-02-20,"elevated",23.7354131944444
2013-02-21,"ambient",21.3474124228395
2013-02-21,"elevated",24.3480023148148
2013-02-22,"ambient",22.6731033950617
2013-02-22,"elevated",25.6748915895062
2013-02-23,"ambient",22.9453221450617
2013-02-23,"elevated",25.9460860339506
2013-02-24,"ambient",22.4685428240741
2013-02-24,"elevated",25.4672075617284
2013-02-25,"ambient",23.0616242283951
2013-02-25,"elevated",26.0600030864198
2013-02-26,"ambient",23.8215848765432
2013-02-26,"elevated",26.8223614969136
2013-02-27,"ambient",24.9553630401235
2013-02-27,"elevated",27.9562581018519
2013-02-28,"ambient",24.7621125578704
2013-02-28,"elevated",27.7587446469907
2013-03-01,"ambient",23.4427309992284
2013-03-01,"elevated",26.4364406346451
2013-03-02,"ambient",20.930376652027
2013-03-02,"elevated",23.9256395812879
2013-03-03,"ambient",18.644592599826
2013-03-03,"elevated",21.6441836751868
2013-03-04,"ambient",18.1903435049155
2013-03-04,"elevated",21.1919688986977
2013-03-05,"ambient",19.5250438372857
2013-03-05,"elevated",22.524601760666
2013-03-06,"ambient",20.9016068824465
2013-03-06,"elevated",23.9008417902903
2013-03-07,"ambient",21.6154518165776
2013-03-07,"elevated",24.6158246620093
2013-03-08,"ambient",21.9125481493484
2013-03-08,"elevated",24.9148107752191
2013-03-09,"ambient",21.8737141807265
2013-03-09,"elevated",24.8781960226704
2013-03-10,"ambient",21.9037878878846
2013-03-10,"elevated",24.9088744996944
2013-03-11,"ambient",21.9569880655338
2013-03-11,"elevated",24.9616209262707
2013-03-12,"ambient",22.3557297102769
2013-03-12,"elevated",25.3589729445178
2013-03-13,"ambient",22.0703127679729
2013-03-13,"elevated",25.0732303004263
2013-03-14,"ambient",22.0082826486239
2013-03-14,"elevated",25.0109613477884
2013-03-15,"ambient",21.7450178156667
2013-03-15,"elevated",24.7472449488362
2013-03-16,"ambient",21.9075284114991
2013-03-16,"elevated",24.9104451496212
2013-03-17,"ambient",22.5934967740136
2013-03-17,"elevated",25.5977589993291
2013-03-18,"ambient",21.9311429555821
2013-03-18,"elevated",24.9369489213194
2013-03-19,"ambient",20.4115436170844
2013-03-19,"elevated",23.4150408565759
2013-03-20,"ambient",18.3248435892779
2013-03-20,"elevated",21.3274365734257
2013-03-21,"ambient",18.03563860462
2013-03-21,"elevated",21.0385771914648
2013-03-22,"ambient",19.2587646497535
2013-03-22,"elevated",22.2628823721393
2013-03-23,"ambient",21.8878144993152
2013-03-23,"elevated",24.8924385952676
2013-03-24,"ambient",23.941635617767
2013-03-24,"elevated",26.9464540286014
2013-03-25,"ambient",25.0800938499988
2013-03-25,"elevated",28.0860572072781
2013-03-26,"ambient",23.6269390456562
2013-03-26,"elevated",26.6327343437971
2013-03-27,"ambient",22.5769166668941
2013-03-27,"elevated",25.5793387349557
2013-03-28,"ambient",22.4492630585047
2013-03-28,"elevated",25.4520007607763
2013-03-29,"ambient",23.2838063720787
2013-03-29,"elevated",26.286546047563
2013-03-30,"ambient",22.23594113251
2013-03-30,"elevated",25.2411526754973
2013-03-31,"ambient",20.5921004492285
2013-03-31,"elevated",23.5962250288343
2013-04-01,"ambient",18.9886747544826
2013-04-01,"elevated",21.9921311969096
2013-04-02,"ambient",19.2361348400683
2013-04-02,"elevated",22.2405824555316
2013-04-03,"ambient",19.2099679656762
2013-04-03,"elevated",22.2139733103907
2013-04-04,"ambient",18.352853915697
2013-04-04,"elevated",21.3570708888741
2013-04-05,"ambient",17.317933025021
2013-04-05,"elevated",20.3173851155812
2013-04-06,"ambient",16.7893595092681
2013-04-06,"elevated",19.7914306216924
2013-04-07,"ambient",16.9173696114338
2013-04-07,"elevated",19.9192872951951
2013-04-08,"ambient",16.9747091114164
2013-04-08,"elevated",19.97741317584
2013-04-09,"ambient",16.8524701825341
2013-04-09,"elevated",19.8556440887023
2013-04-10,"ambient",16.8957076926343
2013-04-10,"elevated",19.89908524126
2013-04-11,"ambient",16.9985653783464
2013-04-11,"elevated",20.0042212766742
2013-04-12,"ambient",17.0942071996823
2013-04-12,"elevated",20.099330755454
2013-04-13,"ambient",17.4792993213567
2013-04-13,"elevated",20.4843777101385
2013-04-14,"ambient",17.7457807067483
2013-04-14,"elevated",20.7514576658885
2013-04-15,"ambient",18.1356341635639
2013-04-15,"elevated",21.1388339639636
2013-04-16,"ambient",18.0902735704352
2013-04-16,"elevated",21.0398540240545
2013-04-17,"ambient",17.9371149051667
2013-04-17,"elevated",20.883250256994
2013-04-18,"ambient",17.4225394489288
2013-04-18,"elevated",20.3701378689704
2013-04-19,"ambient",17.227419497923
2013-04-19,"elevated",20.2274413215976
2013-04-20,"ambient",16.5309851274609
2013-04-20,"elevated",19.5336085185956
2013-04-21,"ambient",15.7654662377619
2013-04-21,"elevated",18.7656054443982
2013-04-22,"ambient",14.6249000973815
2013-04-22,"elevated",17.6249738090082
2013-04-23,"ambient",14.8543174018123
2013-04-23,"elevated",17.8551917328905
2013-04-24,"ambient",14.8910937356252
2013-04-24,"elevated",17.8920586272986
2013-04-25,"ambient",14.8542010009496
2013-04-25,"elevated",17.8553378763127
2013-04-26,"ambient",14.0301913241986
2013-04-26,"elevated",17.0307044407552
2013-04-27,"ambient",13.8997027929289
2013-04-27,"elevated",16.8994319933363
2013-04-28,"ambient",14.3860079502475
2013-04-28,"elevated",17.3837845234087
2013-04-29,"ambient",15.4412831865349
2013-04-29,"elevated",18.4409790282982
2013-04-30,"ambient",16.4072944034704
2013-04-30,"elevated",19.4075845208048
2013-05-01,"ambient",17.639453374844
2013-05-01,"elevated",20.641391787392
2013-05-02,"ambient",18.6385544996783
2013-05-02,"elevated",21.6400466896647
2013-05-03,"ambient",17.6697012791031
2013-05-03,"elevated",20.6706798026561
2013-05-04,"ambient",15.7663245251142
2013-05-04,"elevated",18.76704171109
2013-05-05,"ambient",14.8384198617605
2013-05-05,"elevated",17.8383416843401
2013-05-06,"ambient",14.7381603767499
2013-05-06,"elevated",17.7386715971543
2013-05-07,"ambient",14.456942605946
2013-05-07,"elevated",17.4577521463124
2013-05-08,"ambient",13.9088688778045
2013-05-08,"elevated",16.9101072315379
2013-05-09,"ambient",13.8207932092194
2013-05-09,"elevated",16.8204570320903
2013-05-10,"ambient",14.1896225122001
2013-05-10,"elevated",17.189393095884
2013-05-11,"ambient",13.4435670319285
2013-05-11,"elevated",16.4426072515307
2013-05-12,"ambient",13.7626481305317
2013-05-12,"elevated",16.763624868907
2013-05-13,"ambient",14.1911720244612
2013-05-13,"elevated",17.1914542291173
2013-05-14,"ambient",14.6284001440251
2013-05-14,"elevated",17.6291280642668
2013-05-15,"ambient",14.4691332218905
2013-05-15,"elevated",17.469653734327
2013-05-16,"ambient",13.1960957827308
2013-05-16,"elevated",16.1970247183905
2013-05-17,"ambient",13.099817720188
2013-05-17,"elevated",16.1004688498622
2013-05-18,"ambient",12.9026498786848
2013-05-18,"elevated",15.9027913082137
2013-05-19,"ambient",12.625124090164
2013-05-19,"elevated",15.625648216081
2013-05-20,"ambient",11.1074140385626
2013-05-20,"elevated",14.1075719507725
2013-05-21,"ambient",9.65202259714413
2013-05-21,"elevated",12.652641471304
2013-05-22,"ambient",10.6524488866149
2013-05-22,"elevated",13.65348047631
2013-05-23,"ambient",10.8580914901503
2013-05-23,"elevated",13.8559480700287
2013-05-24,"ambient",11.9204162376229
2013-05-24,"elevated",14.9204142283647
2013-05-25,"ambient",12.2212873750773
2013-05-25,"elevated",15.2211662778157
2013-05-26,"ambient",13.1945963121443
2013-05-26,"elevated",16.1975707318128
2013-05-27,"ambient",12.0463469401767
2013-05-27,"elevated",15.0474399951716
2013-05-28,"ambient",10.763789633199
2013-05-28,"elevated",13.762647061641
2013-05-29,"ambient",10.9556094333161
2013-05-29,"elevated",13.9507486360641
2013-05-30,"ambient",12.2854976254051
2013-05-30,"elevated",15.2819999049472
2013-05-31,"ambient",13.3102447297375
2013-05-31,"elevated",16.3084334874927
2013-06-01,"ambient",13.3713355092801
2013-06-01,"elevated",16.3765288978323
2013-06-02,"ambient",13.902610888142
2013-06-02,"elevated",16.9067874583328
2013-06-03,"ambient",13.9467011893068
2013-06-03,"elevated",16.9516895321393
2013-06-04,"ambient",13.4092621835903
2013-06-04,"elevated",16.4106259518431
2013-06-05,"ambient",12.0086732502577
2013-06-05,"elevated",15.0070260699753
2013-06-06,"ambient",11.062121871988
2013-06-06,"elevated",14.0605974002463
2013-06-07,"ambient",11.2730969973093
2013-06-07,"elevated",14.2739246141444
2013-06-08,"ambient",13.1481459642956
2013-06-08,"elevated",16.137358857936
2013-06-09,"ambient",13.9646384682362
2013-06-09,"elevated",16.9534522800356
2013-06-10,"ambient",13.7918215007216
2013-06-10,"elevated",16.7764215793772
2013-06-11,"ambient",11.9572607964568
2013-06-11,"elevated",14.9537567170214
2013-06-12,"ambient",11.304275760077
2013-06-12,"elevated",14.3027937285048
2013-06-13,"ambient",10.5278101516306
2013-06-13,"elevated",13.5266491463347
2013-06-14,"ambient",11.0120829634187
2013-06-14,"elevated",14.0184943197484
2013-06-15,"ambient",11.6197009067351
2013-06-15,"elevated",14.6243866896888
2013-06-16,"ambient",13.2809263162318
2013-06-16,"elevated",16.2876781043821
2013-06-17,"ambient",12.6771801082642
2013-06-17,"elevated",15.6778949966104
2013-06-18,"ambient",11.1701855578183
2013-06-18,"elevated",14.1706103783877
2013-06-19,"ambient",9.19983856511853
2013-06-19,"elevated",12.1995338901205
2013-06-20,"ambient",9.77528441452988
2013-06-20,"elevated",12.7758923298437
2013-06-21,"ambient",10.4459644988782
2013-06-21,"elevated",13.4473288816934
2013-06-22,"ambient",10.4917782601441
2013-06-22,"elevated",13.4926248988961
2013-06-23,"ambient",9.40240289294037
2013-06-23,"elevated",12.4028110325418
2013-06-24,"ambient",9.69672706270812
2013-06-24,"elevated",12.6971598388671
2013-06-25,"ambient",10.4871083068139
2013-06-25,"elevated",13.4870697795521
2013-06-26,"ambient",11.4428317115014
2013-06-26,"elevated",14.4443521611633
2013-06-27,"ambient",12.505127251651
2013-06-27,"elevated",15.5066882774133
2013-06-28,"ambient",13.3185512024611
2013-06-28,"elevated",16.3219200374773
2013-06-29,"ambient",14.008006913646
2013-06-29,"elevated",17.0067942076959
2013-06-30,"ambient",13.3418968543708
2013-06-30,"elevated",16.3429283109024
2013-07-01,"ambient",12.8208144430047
2013-07-01,"elevated",15.8192393393327
2013-07-02,"ambient",11.6326072691515
2013-07-02,"elevated",14.6358090253981
2013-07-03,"ambient",10.4304881508887
2013-07-03,"elevated",13.4282355870635
2013-07-04,"ambient",8.86127631529482
2013-07-04,"elevated",11.8299692804457
2013-07-05,"ambient",9.43372710020386
2013-07-05,"elevated",12.4052854621881
2013-07-06,"ambient",10.3241830692961
2013-07-06,"elevated",13.298224875821
2013-07-07,"ambient",10.7335738971021
2013-07-07,"elevated",13.7391799159654
2013-07-08,"ambient",9.77738739645586
2013-07-08,"elevated",12.7783511442517
2013-07-09,"ambient",8.56154981192336
2013-07-09,"elevated",11.56146664233
2013-07-10,"ambient",8.61690445204433
2013-07-10,"elevated",11.6171644299324
2013-07-11,"ambient",8.92663781219306
2013-07-11,"elevated",11.923644124929
2013-07-12,"ambient",9.06478600613614
2013-07-12,"elevated",12.062887234309
2013-07-13,"ambient",8.82122013799906
2013-07-13,"elevated",11.816706683884
2013-07-14,"ambient",8.5280539715715
2013-07-14,"elevated",11.5267266848994
2013-07-15,"ambient",9.76780339883618
2013-07-15,"elevated",12.7675201499542
2013-07-16,"ambient",11.3942335861
2013-07-16,"elevated",14.3955058854609
2013-07-17,"ambient",13.354915820343
2013-07-17,"elevated",16.3578971658339
2013-07-18,"ambient",14.3837595282882
2013-07-18,"elevated",17.3876622126849
2013-07-19,"ambient",14.5191003136912
2013-07-19,"elevated",17.523479268393
2013-07-20,"ambient",14.6969298777245
2013-07-20,"elevated",17.7005086225302
2013-07-21,"ambient",14.1949203518417
2013-07-21,"elevated",17.1964537432408
2013-07-22,"ambient",13.0887189549423
2013-07-22,"elevated",16.0901698908181
2013-07-23,"ambient",10.7183489758405
2013-07-23,"elevated",13.719248648929
2013-07-24,"ambient",9.15582198691753
2013-07-24,"elevated",12.1567496175072
2013-07-25,"ambient",9.67746030975958
2013-07-25,"elevated",12.678306991361
2013-07-26,"ambient",9.55064804149269
2013-07-26,"elevated",12.5512119586469
2013-07-27,"ambient",9.23072190567039
2013-07-27,"elevated",12.2314911191764
2013-07-28,"ambient",8.06144757996313
2013-07-28,"elevated",11.0614381701176
2013-07-29,"ambient",8.27462818552223
2013-07-29,"elevated",11.2719134878155
2013-07-30,"ambient",9.5967982805017
2013-07-30,"elevated",12.5967459702304
2013-07-31,"ambient",10.6865815847796
2013-07-31,"elevated",13.6879732971337
2013-08-01,"ambient",12.1462146531423
2013-08-01,"elevated",15.150082540675
2013-08-02,"ambient",11.5091902970034
2013-08-02,"elevated",14.5089192302177
2013-08-03,"ambient",11.3262955755703
2013-08-03,"elevated",14.3272235587969
2013-08-04,"ambient",11.0549627920245
2013-08-04,"elevated",14.0564716478438
2013-08-05,"ambient",12.1475856505675
2013-08-05,"elevated",15.1500389912267
2013-08-06,"ambient",12.7462201763423
2013-08-06,"elevated",15.7477312512467
2013-08-07,"ambient",13.4778381163997
2013-08-07,"elevated",16.4791391559901
2013-08-08,"ambient",13.060563353656
2013-08-08,"elevated",16.059192221833
2013-08-09,"ambient",12.2998100771874
2013-08-09,"elevated",15.2997421844265
2013-08-10,"ambient",11.0274872443726
2013-08-10,"elevated",14.027235436532
2013-08-11,"ambient",11.4400598321994
2013-08-11,"elevated",14.4432033969608
2013-08-12,"ambient",11.5570873426908
2013-08-12,"elevated",14.5575751597002
2013-08-13,"ambient",12.4713797829423
2013-08-13,"elevated",15.4717907154431
2013-08-14,"ambient",12.3800813346221
2013-08-14,"elevated",15.379292632247
2013-08-15,"ambient",13.2589510173685
2013-08-15,"elevated",16.2587157635472
2013-08-16,"ambient",12.7791968891986
2013-08-16,"elevated",15.7783455337437
2013-08-17,"ambient",11.4314474446796
2013-08-17,"elevated",14.4295884843264
2013-08-18,"ambient",11.5304243549677
2013-08-18,"elevated",14.5288025862498
2013-08-19,"ambient",12.33042294888
2013-08-19,"elevated",15.3296375239284
2013-08-20,"ambient",13.8202557447888
2013-08-20,"elevated",16.8203910289593
2013-08-21,"ambient",12.2756299038144
2013-08-21,"elevated",15.2743743160891
2013-08-22,"ambient",10.2301075477399
2013-08-22,"elevated",13.2270900916681
2013-08-23,"ambient",8.79009511753113
2013-08-23,"elevated",11.7881690285492
2013-08-24,"ambient",10.4945199609077
2013-08-24,"elevated",13.4930319107023
2013-08-25,"ambient",12.3594343930783
2013-08-25,"elevated",15.3601551206784
2013-08-26,"ambient",13.3954943844243
2013-08-26,"elevated",16.3953878400266
2013-08-27,"ambient",12.1600712811227
2013-08-27,"elevated",15.1601595058384
2013-08-28,"ambient",11.9421836992707
2013-08-28,"elevated",14.9380076147305
2013-08-29,"ambient",12.1646245541717
2013-08-29,"elevated",15.1642615609831
2013-08-30,"ambient",13.0938466296787
2013-08-30,"elevated",16.0934025371046
2013-08-31,"ambient",14.8110207291158
2013-08-31,"elevated",17.8152862536613
2013-09-01,"ambient",15.534375355624
2013-09-01,"elevated",18.5340706957087
2013-09-02,"ambient",15.4059525098798
2013-09-02,"elevated",18.4049985018826
2013-09-03,"ambient",13.7747474423319
2013-09-03,"elevated",16.7736217794036
2013-09-04,"ambient",13.3770389308134
2013-09-04,"elevated",16.4401197949782
2013-09-05,"ambient",13.6338687968456
2013-09-05,"elevated",17.0028013248966
2013-09-06,"ambient",14.4761311922463
2013-09-06,"elevated",17.8470620237641
2013-09-07,"ambient",15.754260877856
2013-09-07,"elevated",19.0587254887493
2013-09-08,"ambient",17.6666731979259
2013-09-08,"elevated",20.6692355965467
2013-09-09,"ambient",18.2465077006876
2013-09-09,"elevated",21.24302146279
2013-09-10,"ambient",18.5954396571277
2013-09-10,"elevated",21.6001905212835
2013-09-11,"ambient",19.4731880956352
2013-09-11,"elevated",22.5742437859275
2013-09-12,"ambient",18.8574534949149
2013-09-12,"elevated",21.9618639802527
2013-09-13,"ambient",17.3687760980959
2013-09-13,"elevated",20.4680339496445
2013-09-14,"ambient",14.2565669111986
2013-09-14,"elevated",17.2566156040549
2013-09-15,"ambient",14.24361703805
2013-09-15,"elevated",17.2423528773864
2013-09-16,"ambient",14.3764938567861
2013-09-16,"elevated",17.3771417096574
2013-09-17,"ambient",14.8465488675507
2013-09-17,"elevated",17.8420727005483
2013-09-18,"ambient",15.6110567375009
2013-09-18,"elevated",18.5224904446189
2013-09-19,"ambient",17.0907541103185
2013-09-19,"elevated",19.8089945883252
2013-09-20,"ambient",17.9448459172086
2013-09-20,"elevated",20.6685793500509
2013-09-21,"ambient",16.2091508330163
2013-09-21,"elevated",19.037136490177
2013-09-22,"ambient",14.1828290059647
2013-09-22,"elevated",17.2023118283447
2013-09-23,"ambient",13.6878749441877
2013-09-23,"elevated",16.7067548056755
2013-09-24,"ambient",15.2033981302415
2013-09-24,"elevated",18.202468533768
2013-09-25,"ambient",17.2282856356462
2013-09-25,"elevated",20.2203418130555
2013-09-26,"ambient",19.053750659873
2013-09-26,"elevated",22.0469402508934
2013-09-27,"ambient",19.3863383312713
2013-09-27,"elevated",22.3804948448237
2013-09-28,"ambient",17.7995777892411
2013-09-28,"elevated",20.7998995909447
2013-09-29,"ambient",16.3729058854386
2013-09-29,"elevated",19.3733435072346
2013-09-30,"ambient",15.87814871883
2013-09-30,"elevated",18.8775615031978
2013-10-01,"ambient",17.0571561960275
2013-10-01,"elevated",20.0584776639993
2013-10-02,"ambient",18.0842820592692
2013-10-02,"elevated",21.0852317267719
2013-10-03,"ambient",18.0697717257104
2013-10-03,"elevated",21.0719872254005
2013-10-04,"ambient",16.842507628123
2013-10-04,"elevated",19.8435161333177
2013-10-05,"ambient",15.083585533815
2013-10-05,"elevated",18.0841401165502
2013-10-06,"ambient",15.2070874276117
2013-10-06,"elevated",18.2071750656595
2013-10-07,"ambient",16.3171944028282
2013-10-07,"elevated",19.317254787494
2013-10-08,"ambient",17.5185267025829
2013-10-08,"elevated",20.5182571839684
2013-10-09,"ambient",16.8801154648191
2013-10-09,"elevated",19.880856322486
2013-10-10,"ambient",17.431688653255
2013-10-10,"elevated",20.4311434155258
2013-10-11,"ambient",19.5960662684716
2013-10-11,"elevated",22.5904725139456
2013-10-12,"ambient",21.0496333012398
2013-10-12,"elevated",24.0433301882555
2013-10-13,"ambient",21.5142964865781
2013-10-13,"elevated",24.5040231707811
2013-10-14,"ambient",21.6695830274397
2013-10-14,"elevated",24.4099554037964
2013-10-15,"ambient",20.6729087800114
2013-10-15,"elevated",23.4132483889829
2013-10-16,"ambient",18.8011788894671
2013-10-16,"elevated",21.5465707310158
2013-10-17,"ambient",16.6584308079211
2013-10-17,"elevated",19.6582450847134
2013-10-18,"ambient",18.5236439160963
2013-10-18,"elevated",21.5234105295264
2013-10-19,"ambient",18.8501158532427
2013-10-19,"elevated",21.8503850828938
2013-10-20,"ambient",17.9302226345273
2013-10-20,"elevated",20.9304701021697
2013-10-21,"ambient",16.9612217278243
2013-10-21,"elevated",19.9615283177727
2013-10-22,"ambient",19.1906009314366
2013-10-22,"elevated",22.1336115866061
2013-10-23,"ambient",20.8466581887848
2013-10-23,"elevated",23.7891235678068
2013-10-24,"ambient",22.6637219674754
2013-10-24,"elevated",25.6081198003673
2013-10-25,"ambient",21.0084495742942
2013-10-25,"elevated",24.0102014614096
2013-10-26,"ambient",18.6825638898672
2013-10-26,"elevated",21.6787188767547
2013-10-27,"ambient",15.7534435104165
2013-10-27,"elevated",18.747693018155
2013-10-28,"ambient",15.6644963661382
2013-10-28,"elevated",18.6583706103906
2013-10-29,"ambient",17.4601250471033
2013-10-29,"elevated",20.4607980266765
2013-10-30,"ambient",17.5813192348214
2013-10-30,"elevated",20.5827384752345
2013-10-31,"ambient",17.2448100904244
2013-10-31,"elevated",20.2454167585261
2013-11-01,"ambient",17.0169142217721
2013-11-01,"elevated",20.0181873657756
2013-11-02,"ambient",17.9455472671587
2013-11-02,"elevated",20.9436852141644
2013-11-03,"ambient",19.799143233628
2013-11-03,"elevated",22.798579972501
2013-11-04,"ambient",21.4550040039498
2013-11-04,"elevated",24.0822826377183
2013-11-05,"ambient",20.5334946120506
2013-11-05,"elevated",23.164868371953
2013-11-06,"ambient",18.4712710503155
2013-11-06,"elevated",21.1017674464176
2013-11-07,"ambient",16.1659353872562
2013-11-07,"elevated",19.1682911439764
2013-11-08,"ambient",17.8671116543572
2013-11-08,"elevated",20.8678992562018
2013-11-09,"ambient",21.312361727214
2013-11-09,"elevated",24.3143070665153
2013-11-10,"ambient",24.1666555506753
2013-11-10,"elevated",27.1378876597939
2013-11-11,"ambient",22.0617469944886
2013-11-11,"elevated",25.0298732054677
2013-11-12,"ambient",18.2874994186594
2013-11-12,"elevated",21.2556922863856
2013-11-13,"ambient",15.8795567785497
2013-11-13,"elevated",18.8781420750205
2013-11-14,"ambient",17.491078861733
2013-11-14,"elevated",20.4642439001202
2013-11-15,"ambient",19.2627476185148
2013-11-15,"elevated",22.2361581375219
2013-11-16,"ambient",19.2793218226999
2013-11-16,"elevated",22.2495043751403
2013-11-17,"ambient",18.0663837580065
2013-11-17,"elevated",21.0654090604611
2013-11-18,"ambient",16.1935057872078
2013-11-18,"elevated",19.1944832574367
2013-11-19,"ambient",15.3990477299956
2013-11-19,"elevated",18.403142603204
2013-11-20,"ambient",16.515295354856
2013-11-20,"elevated",19.5194156548693
2013-11-21,"ambient",18.5840656076288
2013-11-21,"elevated",21.5849997896987
2013-11-22,"ambient",20.4497672322303
2013-11-22,"elevated",23.4485158542311
2013-11-23,"ambient",20.5258796011457
2013-11-23,"elevated",23.5223505044917
2013-11-24,"ambient",20.1427230226935
2013-11-24,"elevated",23.1422409900746
2013-11-25,"ambient",19.3746558495029
2013-11-25,"elevated",22.3763126634771
2013-11-26,"ambient",18.6070590779723
2013-11-26,"elevated",21.6102649838227
2013-11-27,"ambient",17.7992212437573
2013-11-27,"elevated",20.7992629842349
2013-11-28,"ambient",17.8288342745857
2013-11-28,"elevated",20.8284049415161
2013-11-29,"ambient",19.5390769429404
2013-11-29,"elevated",22.5384281611091
2013-11-30,"ambient",20.0014687635578
2013-11-30,"elevated",23.0013032498712
2013-12-01,"ambient",19.5758292929647
2013-12-01,"elevated",22.5750279376056
2013-12-02,"ambient",17.9567228890392
2013-12-02,"elevated",20.9542854774796
2013-12-03,"ambient",18.2764582341046
2013-12-03,"elevated",21.2388191711468
2013-12-04,"ambient",19.2426300301545
2013-12-04,"elevated",22.1572222345379
2013-12-05,"ambient",21.3725882713776
2013-12-05,"elevated",24.2906013950605
2013-12-06,"ambient",21.3599262267707
2013-12-06,"elevated",24.312480513872
2013-12-07,"ambient",20.2799714108636
2013-12-07,"elevated",23.2808514790413
2013-12-08,"ambient",18.2261607463836
2013-12-08,"elevated",21.2254680546872
2013-12-09,"ambient",18.757768136414
2013-12-09,"elevated",21.7581258446363
2013-12-10,"ambient",21.0123179687451
2013-12-10,"elevated",24.0312424464195
2013-12-11,"ambient",23.743298509412
2013-12-11,"elevated",26.7720207314934
2013-12-12,"ambient",24.276066066595
2013-12-12,"elevated",27.3127326067824
2013-12-13,"ambient",23.418214267452
2013-12-13,"elevated",26.435027311302
2013-12-14,"ambient",22.2222322437309
2013-12-14,"elevated",25.2284470234684
2013-12-15,"ambient",21.6641338094732
2013-12-15,"elevated",24.6626230699578
2013-12-16,"ambient",21.703993510153
2013-12-16,"elevated",24.7033729372213
2013-12-17,"ambient",21.3195814348508
2013-12-17,"elevated",24.3196247095109
2013-12-18,"ambient",21.6316655460744
2013-12-18,"elevated",24.6317064760987
2013-12-19,"ambient",21.6826125380427
2013-12-19,"elevated",24.6832346786641
2013-12-20,"ambient",22.7891795792002
2013-12-20,"elevated",25.7922343355936
2013-12-21,"ambient",25.0602428373133
2013-12-21,"elevated",28.2983868417432
2013-12-22,"ambient",26.2443547009477
2013-12-22,"elevated",29.4823062259261
2013-12-23,"ambient",27.5167343798107
2013-12-23,"elevated",30.7525994335594
2013-12-24,"ambient",27.0431831847627
2013-12-24,"elevated",30.0418278183276
2013-12-25,"ambient",24.8639236172002
2013-12-25,"elevated",27.861170484525
2013-12-26,"ambient",21.4628715992752
2013-12-26,"elevated",24.4561205460731
2013-12-27,"ambient",19.6438789668302
2013-12-27,"elevated",22.6423593809474
2013-12-28,"ambient",20.3450728092911
2013-12-28,"elevated",23.2630389273457
2013-12-29,"ambient",22.2794050108758
2013-12-29,"elevated",24.8834635017902
2013-12-30,"ambient",21.9984274205317
2013-12-30,"elevated",24.6009161025888
2013-12-31,"ambient",23.3662867700841
2013-12-31,"elevated",25.292386418816
2014-01-01,"ambient",22.8466081323592
2014-01-01,"elevated",24.7661672094912
2014-01-02,"ambient",23.6644465406664
2014-01-02,"elevated",25.580460752448
2014-01-03,"ambient",23.9087266450039
2014-01-03,"elevated",26.581786467437
2014-01-04,"ambient",24.4560342911663
2014-01-04,"elevated",27.3292980948953
2014-01-05,"ambient",24.5083713541847
2014-01-05,"elevated",27.3846082899819
2014-01-06,"ambient",23.6917213801706
2014-01-06,"elevated",26.5691205532561
2014-01-07,"ambient",23.3554475165872
2014-01-07,"elevated",26.3551640290457
2014-01-08,"ambient",21.5654176188934
2014-01-08,"elevated",24.5621268323269
2014-01-09,"ambient",19.6001726564332
2014-01-09,"elevated",22.5993569761859
2014-01-10,"ambient",18.2360567346565
2014-01-10,"elevated",21.2380177628372
2014-01-11,"ambient",19.348787833443
2014-01-11,"elevated",22.3513125551549
2014-01-12,"ambient",21.6929746280546
2014-01-12,"elevated",24.6941686510383
2014-01-13,"ambient",23.2461107778587
2014-01-13,"elevated",26.2460548408019
2014-01-14,"ambient",23.3615033649416
2014-01-14,"elevated",26.3335953486532
2014-01-15,"ambient",23.179266242145
2014-01-15,"elevated",26.0901608126868
2014-01-16,"ambient",23.5902223672808
2014-01-16,"elevated",26.6370663038594
2014-01-17,"ambient",24.8123262392467
2014-01-17,"elevated",27.6913725938101
2014-01-18,"ambient",25.1563419564332
2014-01-18,"elevated",28.0947935271944
2014-01-19,"ambient",25.5469804247659
2014-01-19,"elevated",28.3044338169823
2014-01-20,"ambient",25.0788845897611
2014-01-20,"elevated",28.0300159627771
2014-01-21,"ambient",24.363295145091
2014-01-21,"elevated",27.3111673802968
2014-01-22,"ambient",22.7246561971309
2014-01-22,"elevated",25.7213452650643
2014-01-23,"ambient",21.276055552792
2014-01-23,"elevated",24.2720489745713
2014-01-24,"ambient",20.3963918209274
2014-01-24,"elevated",23.398857584318
2014-01-25,"ambient",20.7839973093096
2014-01-25,"elevated",23.7432201217995
2014-01-26,"ambient",20.9556349309223
2014-01-26,"elevated",23.9234458120613
2014-01-27,"ambient",20.131538546235
2014-01-27,"elevated",23.095542042464
2014-01-28,"ambient",19.2497559968014
2014-01-28,"elevated",22.253877839688
2014-01-29,"ambient",19.746237183939
2014-01-29,"elevated",22.6718783489059
2014-01-30,"ambient",21.765403716341
2014-01-30,"elevated",24.6355113441603
2014-01-31,"ambient",22.9285396487666
2014-01-31,"elevated",25.8114540866899
2014-02-01,"ambient",23.842943608823
2014-02-01,"elevated",26.6137065467608
2014-02-02,"ambient",24.2665226305254
2014-02-02,"elevated",27.0943076419859
2014-02-03,"ambient",24.4822411217558
2014-02-03,"elevated",27.2924660925809
2014-02-04,"ambient",24.2702397236572
2014-02-04,"elevated",27.3678018650322
2014-02-05,"ambient",22.5081730720246
2014-02-05,"elevated",25.5345280917248
2014-02-06,"ambient",20.8166022005887
2014-02-06,"elevated",23.8483732679511
2014-02-07,"ambient",19.1847222590414
2014-02-07,"elevated",22.113251346
2014-02-08,"ambient",19.7070696905058
2014-02-08,"elevated",22.5621864426089
2014-02-09,"ambient",21.0363008871662
2014-02-09,"elevated",24.021084240571
2014-02-10,"ambient",22.9794565762409
2014-02-10,"elevated",25.7145607182922
2014-02-11,"ambient",23.487996526698
2014-02-11,"elevated",26.3642649962377
2014-02-12,"ambient",23.4813244939739
2014-02-12,"elevated",26.2279305837286
2014-02-13,"ambient",23.3192431539544
2014-02-13,"elevated",26.102215465908
2014-02-14,"ambient",24.1567433552108
2014-02-14,"elevated",26.7616561223529
2014-02-15,"ambient",23.9543587483591
2014-02-15,"elevated",26.5568974998413
2014-02-16,"ambient",23.2763230479358
2014-02-16,"elevated",26.0925705906936
2014-02-17,"ambient",22.011045615254
2014-02-17,"elevated",25.0099261045227
2014-02-18,"ambient",21.1223461060852
2014-02-18,"elevated",24.1219418522788
2014-02-19,"ambient",20.7248645833395
2014-02-19,"elevated",23.7245047976846
2014-02-20,"ambient",20.7021008508869
2014-02-20,"elevated",23.6962346106257
2014-02-21,"ambient",21.4708590153522
2014-02-21,"elevated",24.4702288804979
2014-02-22,"ambient",21.3634873731664
2014-02-22,"elevated",24.3632630525261
2014-02-23,"ambient",21.2951258108349
2014-02-23,"elevated",24.2992783356832
2014-02-24,"ambient",20.7502274974569
2014-02-24,"elevated",23.7494215371661
2014-02-25,"ambient",21.1885058263144
2014-02-25,"elevated",24.1910514535934
2014-02-26,"ambient",21.5694053804006
2014-02-26,"elevated",24.5709656966706
2014-02-27,"ambient",22.391036858072
2014-02-27,"elevated",25.2816912276943
2014-02-28,"ambient",21.5066099415442
2014-02-28,"elevated",24.4324587260453
2014-03-01,"ambient",19.9455834172722
2014-03-01,"elevated",22.8836644617763
2014-03-02,"ambient",18.3928925411619
2014-03-02,"elevated",21.4410682487066
2014-03-03,"ambient",17.9861217238628
2014-03-03,"elevated",20.9998533307705
2014-03-04,"ambient",18.7632940633166
2014-03-04,"elevated",21.64696795593
2014-03-05,"ambient",19.496368770876
2014-03-05,"elevated",22.3845809502592
2014-03-06,"ambient",20.0346664931424
2014-03-06,"elevated",22.9631132307812
2014-03-07,"ambient",20.3549926838524
2014-03-07,"elevated",23.3100204260244
2014-03-08,"ambient",20.5251634346812
2014-03-08,"elevated",23.49823444684
2014-03-09,"ambient",21.1965962257405
2014-03-09,"elevated",24.1267437107594
2014-03-10,"ambient",21.3838088135401
2014-03-10,"elevated",24.4057093635854
2014-03-11,"ambient",21.6191626908386
2014-03-11,"elevated",24.6196795675252
2014-03-12,"ambient",21.2068521716891
2014-03-12,"elevated",24.4140271145324
2014-03-13,"ambient",21.0676633627717
2014-03-13,"elevated",24.2776754624438
2014-03-14,"ambient",21.1050261117321
2014-03-14,"elevated",24.3137293668957
2014-03-15,"ambient",21.2609299373927
2014-03-15,"elevated",24.2613518737544
2014-03-16,"ambient",21.6234205532003
2014-03-16,"elevated",23.9530649551821
2014-03-17,"ambient",22.0247600282381
2014-03-17,"elevated",23.5385660079165
2014-03-18,"ambient",22.4755197159817
2014-03-18,"elevated",23.2598362231999
2014-03-19,"ambient",22.6704845815908
2014-03-19,"elevated",23.5732788234916
2014-03-20,"ambient",21.9251949596663
2014-03-20,"elevated",23.6416234667334
2014-03-21,"ambient",21.8705142863498
2014-03-21,"elevated",24.3164446486391
2014-03-22,"ambient",21.2487257230966
2014-03-22,"elevated",24.2431894778553
2014-03-23,"ambient",21.229791760715
2014-03-23,"elevated",24.2283770660476
2014-03-24,"ambient",20.7928113839318
2014-03-24,"elevated",23.7937739462622
2014-03-25,"ambient",19.9095827817741
2014-03-25,"elevated",22.9098094057747
2014-03-26,"ambient",19.5701849691765
2014-03-26,"elevated",22.5695529772662
2014-03-27,"ambient",19.550527212767
2014-03-27,"elevated",22.5448188713161
2014-03-28,"ambient",19.8208296635927
2014-03-28,"elevated",22.8208984166111
2014-03-29,"ambient",19.7861660018482
2014-03-29,"elevated",22.7854130944388
2014-03-30,"ambient",19.7460834522668
2014-03-30,"elevated",22.7483435709061
2014-03-31,"ambient",20.4673606722223
2014-03-31,"elevated",23.4678300212362
2014-04-01,"ambient",20.5988960335611
2014-04-01,"elevated",23.5872179182143
2014-04-02,"ambient",20.1954304985258
2014-04-02,"elevated",23.1667559993467
2014-04-03,"ambient",19.8234135791446
2014-04-03,"elevated",22.7900926924737
2014-04-04,"ambient",20.5442796787434
2014-04-04,"elevated",23.5239646716889
2014-04-05,"ambient",20.953640639442
2014-04-05,"elevated",23.9503230151129
2014-04-06,"ambient",21.227468645107
2014-04-06,"elevated",24.2252935599938
2014-04-07,"ambient",20.2508833245696
2014-04-07,"elevated",23.2487870635712
2014-04-08,"ambient",19.1947365948758
2014-04-08,"elevated",22.1921397304886
2014-04-09,"ambient",18.5056933538328
2014-04-09,"elevated",21.5056092600622
2014-04-10,"ambient",18.3760545523108
2014-04-10,"elevated",21.3744167078495
2014-04-11,"ambient",18.7924421599272
2014-04-11,"elevated",21.7907795797209
2014-04-12,"ambient",19.5868434379242
2014-04-12,"elevated",22.5854910850743
2014-04-13,"ambient",19.6217931648865
2014-04-13,"elevated",22.5452279003888
2014-04-14,"ambient",19.4414691021505
2014-04-14,"elevated",22.3657091580069
2014-04-15,"ambient",17.7669126579437
2014-04-15,"elevated",20.6896253425228
2014-04-16,"ambient",17.05631458639
2014-04-16,"elevated",20.0549190778934
2014-04-17,"ambient",16.7685679833546
2014-04-17,"elevated",19.7675693956966
2014-04-18,"ambient",16.6629113019163
2014-04-18,"elevated",19.6623896331365
2014-04-19,"ambient",16.5417481072431
2014-04-19,"elevated",19.5424408471659
2014-04-20,"ambient",15.7523227275269
2014-04-20,"elevated",18.7524031526633
2014-04-21,"ambient",15.5471098338143
2014-04-21,"elevated",18.5452792077016
2014-04-22,"ambient",14.6226895021979
2014-04-22,"elevated",17.6234441432213
2014-04-23,"ambient",14.1238408145978
2014-04-23,"elevated",17.1223433653416
2014-04-24,"ambient",13.721841746044
2014-04-24,"elevated",16.7710490034849
2014-04-25,"ambient",14.8033480572618
2014-04-25,"elevated",17.8526189117481
2014-04-26,"ambient",15.8438801602871
2014-04-26,"elevated",18.8913160916458
2014-04-27,"ambient",16.1937388553199
2014-04-27,"elevated",19.1967087319135
2014-04-28,"ambient",15.7686491692394
2014-04-28,"elevated",18.767211239171
2014-04-29,"ambient",15.6758476069624
2014-04-29,"elevated",18.6773030403822
2014-04-30,"ambient",16.3233856420689
2014-04-30,"elevated",19.3218187187613
2014-05-01,"ambient",17.0527470341131
2014-05-01,"elevated",20.0541581372708
2014-05-02,"ambient",15.7578609883025
2014-05-02,"elevated",18.7573005174348
2014-05-03,"ambient",14.6512578248266
2014-05-03,"elevated",17.6511603518782
2014-05-04,"ambient",12.9082303653528
2014-05-04,"elevated",15.9072650740338
2014-05-05,"ambient",13.5388988561121
2014-05-05,"elevated",16.4956100275063
2014-05-06,"ambient",12.4142116737398
2014-05-06,"elevated",15.367309748538
2014-05-07,"ambient",12.2039456439773
2014-05-07,"elevated",15.1577494673493
2014-05-08,"ambient",11.638245296752
2014-05-08,"elevated",14.4742320544669
2014-05-09,"ambient",12.4208428783743
2014-05-09,"elevated",15.2587166011603
2014-05-10,"ambient",12.9199985333049
2014-05-10,"elevated",15.7519539019261
2014-05-11,"ambient",13.0362163763992
2014-05-11,"elevated",16.0333801725586
2014-05-12,"ambient",14.1054540675851
2014-05-12,"elevated",17.1042852905085
2014-05-13,"ambient",14.3890028264583
2014-05-13,"elevated",17.3926022090822
2014-05-14,"ambient",15.2687319195594
2014-05-14,"elevated",18.0366465827312
2014-05-15,"ambient",14.4709784107247
2014-05-15,"elevated",17.1363667518585
2014-05-16,"ambient",13.9671440337192
2014-05-16,"elevated",16.5040429823468
2014-05-17,"ambient",12.8298295093867
2014-05-17,"elevated",15.6021864117862
2014-05-18,"ambient",12.5791949113678
2014-05-18,"elevated",15.4535562494503
2014-05-19,"ambient",12.8382659228696
2014-05-19,"elevated",15.8380148205531
2014-05-20,"ambient",13.4164829573454
2014-05-20,"elevated",16.4182260023911
2014-05-21,"ambient",14.2107690769764
2014-05-21,"elevated",17.2118847407457
2014-05-22,"ambient",14.4665863429435
2014-05-22,"elevated",17.4676303009876
2014-05-23,"ambient",14.5035621232615
2014-05-23,"elevated",17.2609753787745
2014-05-24,"ambient",14.8218883299439
2014-05-24,"elevated",17.4285313828239
2014-05-25,"ambient",15.8539146191762
2014-05-25,"elevated",18.4621177077663
2014-05-26,"ambient",16.5449182373274
2014-05-26,"elevated",19.3901195320932
